"","Start_Time","End_Time","Duration","Subject","Behavior","Behavioral category","Modifier 1","Comment"
"1",556.947,557.946,0.999,"R2","Touching","Distance","Panel K",""
"2",558.444,559.695,1.251,"R2","Touching","Distance","Panel M",""
"3",559.96,560.713,0.753,"R3","Touching","Distance","Panel L",""
"4",561.693,562.694,1.001,"R2","Touching","Distance","Panel M,Panel L,Panel A",""
"5",565.72,565.967,0.247,"R3","Touching","Distance","Panel M",""
"6",566.201,567.221,1.02,"Donor","Touching","Distance","Panel O",""
"7",566.966,567.469,0.503,"R3","Touching","Distance","Panel N",""
"8",570.712,571.458,0.746,"R2","Touching","Distance","Panel I,Panel H",""
"9",573.471,574.97,1.499,"Donor","Touching","Distance","Panel A",""
"10",586.492,586.993,0.501,"R3","Touching","Distance","Panel I",""
"11",587.471,588.219,0.748,"Donor","Touching","Distance","Panel E,Panel D",""
"12",587.961,588.995,1.034,"R2","Touching","Distance","Panel L",""
"13",588.996,590.25,1.254,"R2","Touching","Distance","Panel M,Panel L",""
"14",600.24,601.255,1.015,"R2","Touching","Distance","Panel P,Panel A",""
"15",602.255,603.767,1.512,"R2","Touching","Distance","Panel P,Panel A",""
"16",612.971,613.469,0.498,"Donor","Touching","Distance","Panel N",""
"17",617.768,618.764,0.996,"Donor","Touching","Distance","Panel M,Panel L",""
"18",619.025,620.03,1.005,"Donor","Touching","Distance","Panel L",""
"19",634.514,635.764,1.25,"Donor","Touching","Distance","Panel E,Panel D",""
"20",646.935,647.438,0.503,"R4","Touching","Distance","Panel P",""
"21",654.556,655.808,1.252,"R2","Touching","Distance","Panel O",""
"22",659.809,661.815,2.006,"R3","Touching","Distance","Panel M",""
"23",662.812,665.567,2.755,"R3","Touching","Distance","Panel M,Panel L",""
"24",668.518,669.268,0.75,"Donor","Touching","Distance","Panel O",""
"25",672.313,673.059,0.746,"R2","Touching","Distance","Panel M,Panel L",""
"26",681.768,683.768,2,"Donor","Touching","Distance","Panel M,Panel L",""
"27",684.835,687.591,2.756,"R4","Touching","Distance","Panel M,Panel L",""
"28",707.01,707.71,0.7,"R2","Touching","Distance","Panel P,Panel A",""
"29",711.615,712.377,0.762,"R2","Touching","Distance","Panel M,Panel L",""
"30",733.533,733.637,0.104,"Donor","Touching","Distance","Panel G",""
"31",749.377,749.626,0.249,"R1","Touching","Distance","Panel I,Panel H",""
"32",749.627,751.128,1.501,"R1","Touching","Distance","Panel I",""
"33",752.13,753.132,1.002,"R1","Touching","Distance","Panel H",""
"34",752.131,752.629,0.498,"R2","Touching","Distance","Panel A",""
"35",758.661,759.158,0.497,"R2","Touching","Distance","Panel P,Panel A",""
"36",762.674,763.674,1,"R2","Touching","Distance","Panel A",""
"37",787.13,787.625,0.495,"R3","Touching","Distance","Panel I,Panel H",""
"38",794.169,794.672,0.503,"R2","Touching","Distance","Panel I,Panel H",""
"39",795.697,796.197,0.5,"R4","Touching","Distance","Panel P,Panel A",""
"40",798.876,803.374,4.498,"R3","Touching","Distance","Panel E,Panel D",""
"41",814.642,815.137,0.495,"Donor","Touching","Distance","Panel I",""
"42",815.138,816.642,1.504,"Donor","Touching","Distance","Panel I,Panel H",""
"43",820.642,822.642,2,"Donor","Touching","Distance","Panel I",""
"44",824.98,825.73,0.75,"Donor","Touching","Distance","Panel I",""
"45",825.979,826.227,0.248,"R4","Touching","Distance","Panel H",""
"46",833.227,834.225,0.998,"Donor","Touching","Distance","Panel L,Panel K",""
"47",839.99,840.494,0.504,"R2","Touching","Distance","Panel O",""
"48",842.99,843.242,0.252,"Donor","Touching","Distance","Panel P,Panel A",""
"49",845.243,846.242,0.999,"Donor","Touching","Distance","Panel O",""
"50",856.011,856.261,0.25,"R2","Touching","Distance","Panel F",""
"51",880.489,880.99,0.501,"R4","Touching","Distance","Panel A",""
"52",882.234,883.491,1.257,"R4","Touching","Distance","Panel P,Panel A",""
"53",893.375,894.627,1.252,"R1","Touching","Distance","Panel I",""
"54",905.373,905.877,0.504,"R3","Touching","Distance","Panel I,Panel H",""
"55",908.123,908.623,0.5,"R1","Touching","Distance","Panel P,Panel A",""
"56",908.489,909.242,0.753,"Donor","Touching","Distance","Panel O",""
"57",929.992,930.992,1,"Donor","Touching","Distance","Panel O",""
"58",931.99,932.987,0.997,"Donor","Touching","Distance","Panel O",""
"59",938.873,945.128,6.255,"R1","Touching","Distance","Panel E,Panel D",""
"60",945.853,946.103,0.25,"R1","Touching","Distance","Panel B",""
"61",947.99,948.973,0.983,"R4","Touching","Distance","Panel I,Panel H",""
"62",948.974,949.99,1.016,"R4","Touching","Distance","Panel H",""
"63",949.868,956.866,6.998,"R1","Touching","Distance","Panel O",""
"64",979.989,981.742,1.753,"Donor","Touching","Distance","Panel O",""
"65",980.522,981.021,0.499,"R2","Touching","Distance","Panel I,Panel H",""
"66",981.022,981.525,0.503,"R2","Touching","Distance","Panel I",""
"67",981.526,982.026,0.5,"R2","Touching","Distance","Panel J",""
"68",987.026,987.777,0.751,"R2","Touching","Distance","Panel O",""
"69",993.406,993.908,0.502,"R2","Touching","Distance","Panel P,Panel A",""
"70",1002.74,1003.488,0.748,"Donor","Touching","Distance","Panel P,Panel A",""
"71",1019.241,1020.486,1.245,"Donor","Touching","Distance","Panel I,Panel H",""
"72",1020.487,1023.993,3.506,"Donor","Touching","Distance","Panel I",""
"73",1024.127,1026.626,2.499,"R3","Touching","Distance","Panel E,Panel D",""
"74",1026.238,1026.737,0.499,"R4","Touching","Distance","Panel M,Panel L",""
"75",1029.237,1029.736,0.499,"R4","Touching","Distance","Panel H",""
"76",1034.874,1035.874,1,"R3","Touching","Distance","Panel I,Panel H",""
"77",1037.624,1038.621,0.997,"R3","Touching","Distance","Panel G",""
"78",1044.739,1063.739,19,"R4","Touching","Distance","Panel M,Panel L",""
"79",1045.447,1045.949,0.502,"R1","Touching","Distance","Panel I,Panel H",""
"80",1063.74,1065.736,1.996,"R4","Touching","Distance","Panel I",""
"81",1073.992,1075.489,1.497,"R4","Touching","Distance","Panel A",""
"82",1081.661,1081.91,0.249,"R2","Touching","Distance","Panel I,Panel H",""
"83",1081.911,1086.906,4.995,"R2","Touching","Distance","Panel H",""
"84",1086.907,1087.907,1,"R2","Touching","Distance","Panel I",""
"85",1114.516,1114.773,0.257,"R3","Touching","Distance","Panel C",""
"86",1114.774,1117.514,2.74,"R3","Touching","Distance","Panel B",""
"87",1117.515,1117.774,0.259,"R3","Touching","Distance","Panel C",""
"88",1156.808,1157.058,0.25,"R3","Touching","Distance","Panel I",""
"89",1177.01,1177.758,0.748,"R2","Touching","Distance","Panel F",""
"90",1183.491,1185.491,2,"R4","Touching","Distance","Panel I",""
"91",1185.988,1187.989,2.001,"R4","Touching","Distance","Panel H",""
"92",1187.99,1190.491,2.501,"R4","Touching","Distance","Panel I,Panel H",""
"93",1194.206,1194.708,0.502,"R1","Touching","Distance","Panel E,Panel D",""
"94",1223.622,1223.873,0.251,"Donor","Touching","Distance","Panel I",""
"95",1224.625,1225.125,0.5,"Donor","Touching","Distance","Panel H",""
"96",1230.62,1231.622,1.002,"Donor","Touching","Distance","Panel G",""
"97",1231.63,1232.38,0.75,"R3","Touching","Distance","Panel G",""
"98",1239.875,1241.375,1.5,"Donor","Touching","Distance","Panel I",""
"99",1246.957,1249.458,2.501,"R1","Touching","Distance","Panel E,Panel D",""
"100",1247.375,1248.37,0.995,"Donor","Touching","Distance","Panel I,Panel H",""
"101",1250.874,1251.375,0.501,"Donor","Touching","Distance","Panel I",""
"102",1252.875,1257.622,4.747,"Donor","Touching","Distance","Panel I",""
"103",1257.133,1261.63,4.497,"R3","Touching","Distance","Panel P",""
"104",1261.631,1262.635,1.004,"R3","Touching","Distance","Panel P,Panel A",""
"105",1262.636,1264.387,1.751,"R3","Touching","Distance","Panel A",""
"106",1263.374,1264.92,1.546,"Donor","Touching","Distance","Panel M,Panel L",""
"107",1264.388,1265.136,0.748,"R3","Touching","Distance","Panel P,Panel A",""
"108",1265.137,1275.128,9.991,"R3","Touching","Distance","Panel A",""
"109",1281.384,1284.636,3.252,"R3","Touching","Distance","Panel E,Panel D",""
"110",1295.915,1296.918,1.003,"Donor","Touching","Distance","Panel I,Panel H",""
"111",1302.982,1303.735,0.753,"R4","Touching","Distance","Panel D",""
"112",1304.984,1307.986,3.002,"R4","Touching","Distance","Panel B",""
"113",1308.985,1309.482,0.497,"R4","Touching","Distance","Panel B",""
"114",1316.671,1319.473,2.802,"Donor","Touching","Distance","Panel E,Panel D",""
"115",1319.474,1322.474,3,"Donor","Touching","Distance","Panel D",""
"116",1325.96,1326.212,0.252,"R3","Touching","Distance","Panel A",""
"117",1335.007,1336.508,1.501,"R2","Touching","Distance","Panel H",""
"118",1336.509,1337.508,0.999,"R2","Touching","Distance","Panel I,Panel H",""
"119",1338.756,1339.758,1.002,"R2","Touching","Distance","Panel H,Panel G",""
"120",1348.758,1350.757,1.999,"R2","Touching","Distance","Panel J,Panel I",""
"121",1350.758,1353.254,2.496,"R2","Touching","Distance","Panel I",""
"122",1350.98,1353.757,2.777,"Donor","Touching","Distance","Panel E,Panel D",""
"123",1355.258,1355.76,0.502,"Donor","Touching","Distance","Panel A",""
"124",1358.258,1364.253,5.995,"Donor","Touching","Distance","Panel E,Panel D",""
"125",1372.258,1375.507,3.249,"Donor","Touching","Distance","Panel E,Panel D",""
"126",1376.025,1379.519,3.494,"R2","Touching","Distance","Panel E,Panel D",""
"127",1388.956,1391.706,2.75,"R1","Touching","Distance","Panel I,Panel H",""
"128",1391.234,1392.736,1.502,"R4","Touching","Distance","Panel N",""
"129",1391.707,1394.458,2.751,"R1","Touching","Distance","Panel I",""
"130",1394.459,1396.707,2.248,"R1","Touching","Distance","Panel I,Panel H",""
"131",1395.977,1397.227,1.25,"R3","Touching","Distance","Panel E,Panel D",""
"132",1396.27,1397.275,1.005,"R2","Touching","Distance","Panel I,Panel H",""
"133",1396.708,1398.707,1.999,"R1","Touching","Distance","Panel H",""
"134",1397.802,1398.799,0.997,"R4","Touching","Distance","Panel O",""
"135",1398.708,1401.207,2.499,"R1","Touching","Distance","Panel I,Panel H",""
"136",1402.775,1403.774,0.999,"R2","Touching","Distance","Panel I,Panel H",""
"137",1403.775,1404.274,0.499,"R2","Touching","Distance","Panel H",""
"138",1404.705,1405.709,1.004,"R1","Touching","Distance","Panel H",""
"139",1405.71,1411.457,5.747,"R1","Touching","Distance","Panel I,Panel H",""
"140",1408.009,1409.314,1.305,"Donor","Touching","Distance","Panel P,Panel A",""
"141",1411.458,1412.209,0.751,"R1","Touching","Distance","Panel I",""
"142",1412.21,1413.207,0.997,"R1","Touching","Distance","Panel I,Panel H",""
"143",1413.208,1416.59,3.382,"R1","Touching","Distance","Panel H",""
"144",1414.914,1415.838,0.924,"R4","Touching","Distance","Panel P,Panel A",""
"145",1417.84,1419.089,1.249,"Donor","Touching","Distance","Panel N",""
"146",1419.586,1420.84,1.254,"R1","Touching","Distance","Panel I",""
"147",1420.841,1422.837,1.996,"R1","Touching","Distance","Panel I,Panel H",""
"148",1422.838,1424.339,1.501,"R1","Touching","Distance","Panel I",""
"149",1424.34,1425.834,1.494,"R1","Touching","Distance","Panel H",""
"150",1432.84,1442.835,9.995,"R1","Touching","Distance","Panel I,Panel H",""
"151",1442.836,1446.334,3.498,"R1","Touching","Distance","Panel I",""
"152",1446.335,1447.834,1.499,"R1","Touching","Distance","Panel I,Panel H",""
"153",1447.835,1450.335,2.5,"R1","Touching","Distance","Panel H",""
"154",1450.088,1456.089,6.001,"Donor","Touching","Distance","Panel E,Panel D",""
"155",1468.837,1469.589,0.752,"Donor","Touching","Distance","Panel G",""
"156",1473.836,1475.633,1.797,"Donor","Touching","Distance","Panel I,Panel H",""
"157",1475.634,1476.383,0.749,"Donor","Touching","Distance","Panel H",""
"158",1476.089,1479.088,2.999,"R2","Touching","Distance","Panel P,Panel A",""
"159",1476.384,1478.896,2.512,"Donor","Touching","Distance","Panel I,Panel H",""
"160",1478.897,1480.898,2.001,"Donor","Touching","Distance","Panel I",""
"161",1486.341,1486.838,0.497,"R4","Touching","Distance","Panel A",""
"162",1523.837,1525.838,2.001,"R4","Touching","Distance","Panel B",""
"163",1525.34,1527.184,1.844,"R1","Touching","Distance","Panel I,Panel H",""
"164",1525.391,1528.391,3,"Donor","Touching","Distance","Panel E,Panel D",""
"165",1527.185,1527.931,0.746,"R1","Touching","Distance","Panel I",""
"166",1530.391,1532.404,2.013,"Donor","Touching","Distance","Panel I",""
"167",1552.09,1555.839,3.749,"R2","Touching","Distance","Panel I,Panel H",""
"168",1555.84,1556.589,0.749,"R2","Touching","Distance","Panel H",""
"169",1559.905,1560.404,0.499,"Donor","Touching","Distance","Panel I,Panel H",""
"170",1560.841,1564.836,3.995,"R4","Touching","Distance","Panel E,Panel D",""
"171",1562.199,1563.197,0.998,"R1","Touching","Distance","Panel A",""
"172",1564.339,1565.584,1.245,"R2","Touching","Distance","Panel P,Panel A",""
"173",1565.841,1567.838,1.997,"R4","Touching","Distance","Panel D",""
"174",1570.336,1574.59,4.254,"R2","Touching","Distance","Panel O",""
"175",1574.839,1576.085,1.246,"R4","Touching","Distance","Panel I",""
"176",1575.837,1579.588,3.751,"R2","Touching","Distance","Panel N",""
"177",1576.086,1577.088,1.002,"R4","Touching","Distance","Panel I,Panel H",""
"178",1577.089,1578.585,1.496,"R4","Touching","Distance","Panel I",""
"179",1578.586,1580.085,1.499,"R4","Touching","Distance","Panel H",""
"180",1580.591,1583.839,3.248,"R4","Touching","Distance","Panel H",""
"181",1594.95,1595.944,0.994,"R1","Touching","Distance","Panel I,Panel H",""
"182",1610.264,1610.515,0.251,"Donor","Touching","Distance","Panel H",""
"183",1628.34,1629.34,1,"R4","Touching","Distance","Panel I",""
"184",1646.022,1647.281,1.259,"Donor","Touching","Distance","Panel N",""
"185",1659.27,1660.013,0.743,"R1","Touching","Distance","Panel I",""
"186",1660.014,1715.019,55.005,"R1","Touching","Distance","Panel J",""
"187",1670.305,1670.821,0.516,"Donor","Touching","Distance","Panel N",""
"188",1670.822,1673.82,2.998,"Donor","Touching","Distance","Panel O",""
"189",1670.839,1675.089,4.25,"R3","Touching","Distance","Panel I,Panel H",""
"190",1676.087,1677.09,1.003,"R3","Touching","Distance","Panel H",""
"191",1677.09,1677.339,0.249,"R2","Touching","Distance","Panel I,Panel H",""
"192",1677.34,1678.089,0.749,"R2","Touching","Distance","Panel H",""
"193",1678.087,1679.089,1.002,"R3","Touching","Distance","Panel G",""
"194",1684.539,1685.783,1.244,"R4","Touching","Distance","Panel P,Panel A",""
"195",1684.59,1693.836,9.246,"R2","Touching","Distance","Panel E,Panel D",""
"196",1685.784,1687.539,1.755,"R4","Touching","Distance","Panel P",""
"197",1687.319,1688.569,1.25,"Donor","Touching","Distance","Panel O",""
"198",1688.289,1689.289,1,"R4","Touching","Distance","Panel P",""
"199",1690.797,1691.799,1.002,"R4","Touching","Distance","Panel P",""
"200",1698.55,1700.049,1.499,"R4","Touching","Distance","Panel A",""
"201",1700.05,1701.046,0.996,"R4","Touching","Distance","Panel P",""
"202",1701.047,1702.046,0.999,"R4","Touching","Distance","Panel P,Panel A",""
"203",1710.318,1711.369,1.051,"Donor","Touching","Distance","Panel I,Panel H",""
"204",1711.37,1712.384,1.014,"Donor","Touching","Distance","Panel I",""
"205",1715.02,1719.016,3.996,"R1","Touching","Distance","Panel P,Panel A",""
"206",1731.379,1732.13,0.751,"Donor","Touching","Distance","Panel M,Panel L",""
"207",1753.089,1753.591,0.502,"R2","Touching","Distance","Panel F",""
"208",1766.633,1772.88,6.247,"Donor","Touching","Distance","Panel E,Panel D",""
"209",1768.339,1773.09,4.751,"R3","Touching","Distance","Panel E,Panel D",""
"210",1768.646,1769.643,0.997,"R1","Touching","Distance","Panel I",""
"211",1769.644,1772.144,2.5,"R1","Touching","Distance","Panel I,Panel H",""
"212",1772.145,1773.145,1,"R1","Touching","Distance","Panel I",""
"213",1773.146,1773.643,0.497,"R1","Touching","Distance","Panel I,Panel H",""
"214",1785.193,1786.442,1.249,"Donor","Touching","Distance","Panel P,Panel A",""
"215",1788.693,1789.948,1.255,"Donor","Touching","Distance","Panel E,Panel D",""
"216",1801.71,1804.211,2.501,"Donor","Touching","Distance","Panel E,Panel D",""
"217",1805.328,1807.585,2.257,"R3","Touching","Distance","Panel I,Panel H",""
"218",1807.586,1812.589,5.003,"R3","Touching","Distance","Panel I",""
"219",1812.59,1814.588,1.998,"R3","Touching","Distance","Panel H",""
"220",1824.837,1825.336,0.499,"R3","Touching","Distance","Panel K",""
"221",1826.84,1828.086,1.246,"R2","Touching","Distance","Panel I,Panel H",""
"222",1828.087,1829.338,1.251,"R2","Touching","Distance","Panel I",""
"223",1836.089,1837.841,1.752,"R3","Touching","Distance","Panel C",""
"224",1838.799,1851.297,12.498,"R4","Touching","Distance","Panel E,Panel D",""
"225",1849.09,1851.087,1.997,"R3","Touching","Distance","Panel O",""
"226",1851.088,1853.337,2.249,"R3","Touching","Distance","Panel N",""
"227",1853.338,1854.091,0.753,"R3","Touching","Distance","Panel M",""
"228",1854.59,1856.59,2,"R2","Touching","Distance","Panel I,Panel H",""
"229",1857.838,1859.334,1.496,"R2","Touching","Distance","Panel I,Panel H",""
"230",1859.262,1859.768,0.506,"Donor","Touching","Distance","Panel H",""
"231",1859.335,1860.337,1.002,"R2","Touching","Distance","Panel I",""
"232",1859.769,1860.274,0.505,"Donor","Touching","Distance","Panel I,Panel H",""
"233",1863.339,1866.336,2.997,"R3","Touching","Distance","Panel E",""
"234",1872.837,1874.087,1.25,"R2","Touching","Distance","Panel N",""
"235",1876.05,1877.05,1,"R4","Touching","Distance","Panel I",""
"236",1881.088,1884.584,3.496,"R3","Touching","Distance","Panel P,Panel A",""
"237",1884.585,1885.59,1.005,"R3","Touching","Distance","Panel A",""
"238",1887.334,1890.833,3.499,"R3","Touching","Distance","Panel O",""
"239",1890.834,1892.833,1.999,"R3","Touching","Distance","Panel P",""
"240",1892.834,1895.337,2.503,"R3","Touching","Distance","Panel O",""
"241",1894.295,1894.794,0.499,"Donor","Touching","Distance","Panel K",""
"242",1894.795,1896.309,1.514,"Donor","Touching","Distance","Panel L",""
"243",1895.046,1897.047,2.001,"R4","Touching","Distance","Panel H",""
"244",1895.338,1897.337,1.999,"R3","Touching","Distance","Panel N",""
"245",1897.338,1900.333,2.995,"R3","Touching","Distance","Panel O",""
"246",1897.551,1898.314,0.763,"Donor","Touching","Distance","Panel K",""
"247",1908.944,1909.44,0.496,"R1","Touching","Distance","Panel I",""
"248",1913.084,1916.087,3.003,"R3","Touching","Distance","Panel I,Panel H",""
"249",1913.944,1915.695,1.751,"R1","Touching","Distance","Panel I",""
"250",1916.087,1917.083,0.996,"R2","Touching","Distance","Panel I,Panel H",""
"251",1916.088,1918.087,1.999,"R3","Touching","Distance","Panel I",""
"252",1917.696,1918.193,0.497,"R1","Touching","Distance","Panel J",""
"253",1919.583,1932.836,13.253,"R3","Touching","Distance","Panel I,Panel H",""
"254",1922.808,1923.805,0.997,"Donor","Touching","Distance","Panel I",""
"255",1930.34,1931.335,0.995,"R2","Touching","Distance","Panel O",""
"256",1932.338,1933.338,1,"R2","Touching","Distance","Panel P,Panel A",""
"257",1932.837,1933.838,1.001,"R3","Touching","Distance","Panel I",""
"258",1933.339,1933.835,0.496,"R2","Touching","Distance","Panel A",""
"259",1933.839,1934.585,0.746,"R3","Touching","Distance","Panel I,Panel H",""
"260",1934.586,1936.836,2.25,"R3","Touching","Distance","Panel H",""
"261",1936.34,1936.837,0.497,"R2","Touching","Distance","Panel B",""
"262",1936.837,1939.341,2.504,"R3","Touching","Distance","Panel I,Panel H",""
"263",1941.587,1948.586,6.999,"R3","Touching","Distance","Panel I,Panel H",""
"264",1948.197,1949.696,1.499,"R1","Touching","Distance","Panel I,Panel H",""
"265",1949.087,1952.586,3.499,"R3","Touching","Distance","Panel H",""
"266",1952.587,1953.834,1.247,"R3","Touching","Distance","Panel I,Panel H",""
"267",1955.586,1956.833,1.247,"R3","Touching","Distance","Panel I,Panel H",""
"268",1958.837,1964.835,5.998,"R3","Touching","Distance","Panel I,Panel H",""
"269",1964.071,1969.374,5.303,"Donor","Touching","Distance","Panel I,Panel H",""
"270",1964.836,1966.338,1.502,"R3","Touching","Distance","Panel H",""
"271",1969.375,1972.14,2.765,"Donor","Touching","Distance","Panel H",""
"272",1974.945,1975.944,0.999,"R1","Touching","Distance","Panel H",""
"273",1975.945,1977.69,1.745,"R1","Touching","Distance","Panel I,Panel H",""
"274",1976.63,1980.378,3.748,"R3","Touching","Distance","Panel I",""
"275",1980.588,1982.835,2.247,"R2","Touching","Distance","Panel E,Panel D",""
"276",1980.881,1982.384,1.503,"R3","Touching","Distance","Panel I,Panel H",""
"277",1982.385,1984.631,2.246,"R3","Touching","Distance","Panel I",""
"278",1982.797,1984.049,1.252,"R4","Touching","Distance","Panel K",""
"279",1983.901,1985.397,1.496,"Donor","Touching","Distance","Panel I,Panel H",""
"280",1985.398,1986.399,1.001,"Donor","Touching","Distance","Panel I",""
"281",1989.045,1989.798,0.753,"R4","Touching","Distance","Panel M,Panel L",""
"282",1989.393,1989.902,0.509,"Donor","Touching","Distance","Panel F",""
"283",1990.656,1992.405,1.749,"Donor","Touching","Distance","Panel F",""
"284",2000.629,2006.392,5.763,"R3","Touching","Distance","Panel F",""
"285",2001.039,2001.538,0.499,"R4","Touching","Distance","Panel F",""
"286",2004.884,2006.391,1.507,"R3","Touching","Distance","Panel G",""
"287",2007.05,2008.301,1.251,"R4","Touching","Distance","Panel I",""
"288",2010.051,2011.546,1.495,"R4","Touching","Distance","Panel J",""
"289",2013.382,2020.379,6.997,"R3","Touching","Distance","Panel E,Panel D",""
"290",2025.297,2031.802,6.505,"R4","Touching","Distance","Panel M",""
"291",2028.132,2029.879,1.747,"R3","Touching","Distance","Panel I",""
"292",2029.88,2035.643,5.763,"R3","Touching","Distance","Panel I,Panel H",""
"293",2035.644,2043.644,8,"R3","Touching","Distance","Panel I",""
"294",2043.645,2046.895,3.25,"R3","Touching","Distance","Panel I,Panel H",""
"295",2046.896,2049.895,2.999,"R3","Touching","Distance","Panel I",""
"296",2051.394,2053.892,2.498,"R3","Touching","Distance","Panel I,Panel H",""
"297",2053.893,2056.642,2.749,"R3","Touching","Distance","Panel I",""
"298",2056.643,2061.965,5.322,"R3","Touching","Distance","Panel I,Panel H",""
"299",2061.966,2067.978,6.012,"R3","Touching","Distance","Panel H",""
"300",2067.979,2069.476,1.497,"R3","Touching","Distance","Panel I,Panel H",""
"301",2070.959,2072.455,1.496,"R4","Touching","Distance","Panel N",""
"302",2072.456,2075.94,3.484,"R4","Touching","Distance","Panel O",""
"303",2072.976,2081.229,8.253,"R3","Touching","Distance","Panel I,Panel H",""
"304",2081.728,2082.977,1.249,"R3","Touching","Distance","Panel I",""
"305",2082.978,2085.229,2.251,"R3","Touching","Distance","Panel I,Panel H",""
"306",2085.95,2089.443,3.493,"R4","Touching","Distance","Panel I,Panel H",""
"307",2086.745,2088.508,1.763,"R3","Touching","Distance","Panel H",""
"308",2088.509,2094.012,5.503,"R3","Touching","Distance","Panel I,Panel H",""
"309",2089.444,2090.192,0.748,"R4","Touching","Distance","Panel I",""
"310",2117.449,2118.707,1.258,"R4","Touching","Distance","Panel I,Panel H",""
"311",2122.143,2134.547,12.404,"Donor","Touching","Distance","Panel E,Panel D",""
"312",2137.549,2138.546,0.997,"Donor","Touching","Distance","Panel E,Panel D",""
"313",2143.548,2144.05,0.502,"R4","Touching","Distance","Panel F",""
"314",2147.048,2149.547,2.499,"R4","Touching","Distance","Panel I",""
"315",2149.548,2153.795,4.247,"R4","Touching","Distance","Panel I,Panel H",""
"316",2153.796,2155.051,1.255,"R4","Touching","Distance","Panel I",""
"317",2157.051,2160.299,3.248,"R4","Touching","Distance","Panel I",""
"318",2160.547,2164.05,3.503,"R1","Touching","Distance","Panel B",""
"319",2172.049,2174.297,2.248,"R2","Touching","Distance","Panel E,Panel D",""
"320",2184.049,2189.8,5.751,"R4","Touching","Distance","Panel I",""
"321",2187.047,2191.294,4.247,"R2","Touching","Distance","Panel E,Panel D",""
"322",2192.8,2197.301,4.501,"R4","Touching","Distance","Panel I",""
"323",2195.05,2197.547,2.497,"Donor","Touching","Distance","Panel I",""
"324",2198.603,2199.353,0.75,"R2","Touching","Distance","Panel P,Panel A",""
"325",2199.3,2202.045,2.745,"R4","Touching","Distance","Panel I",""
"326",2202.046,2203.797,1.751,"R4","Touching","Distance","Panel I,Panel H",""
"327",2203.798,2205.3,1.502,"R4","Touching","Distance","Panel I",""
"328",2206.55,2222.299,15.749,"R4","Touching","Distance","Panel I",""
"329",2213.297,2216.549,3.252,"Donor","Touching","Distance","Panel E,Panel D",""
"330",2220.301,2222.631,2.33,"Donor","Touching","Distance","Panel I,Panel H",""
"331",2222.3,2223.546,1.246,"R4","Touching","Distance","Panel I,Panel H",""
"332",2222.632,2226.143,3.511,"Donor","Touching","Distance","Panel I",""
"333",2223.045,2225.3,2.255,"R1","Touching","Distance","Panel I",""
"334",2223.547,2229.801,6.254,"R4","Touching","Distance","Panel I",""
"335",2226.144,2228.646,2.502,"Donor","Touching","Distance","Panel I,Panel H",""
"336",2227.047,2230.048,3.001,"R1","Touching","Distance","Panel I",""
"337",2230.877,2231.63,0.753,"R3","Touching","Distance","Panel I,Panel H","Placed back in pen"
"338",2232.644,2234.147,1.503,"Donor","Touching","Distance","Panel H",""
"339",2232.796,2235.299,2.503,"R4","Touching","Distance","Panel I",""
"340",2233.875,2236.63,2.755,"R3","Touching","Distance","Panel I,Panel H",""
"341",2234.644,2235.91,1.266,"Donor","Touching","Distance","Panel H",""
"342",2235.3,2238.298,2.998,"R4","Touching","Distance","Panel I,Panel H",""
"343",2237.161,2239.16,1.999,"Donor","Touching","Distance","Panel I,Panel H",""
"344",2238.55,2240.548,1.998,"R1","Touching","Distance","Panel I,Panel H",""
"345",2239.545,2242.549,3.004,"R4","Touching","Distance","Panel I,Panel H",""
"346",2240.911,2242.658,1.747,"Donor","Touching","Distance","Panel I",""
"347",2241.55,2246.549,4.999,"R1","Touching","Distance","Panel I",""
"348",2242.55,2245.548,2.998,"R4","Touching","Distance","Panel I",""
"349",2244.158,2244.661,0.503,"Donor","Touching","Distance","Panel I",""
"350",2245.549,2246.298,0.749,"R4","Touching","Distance","Panel I,Panel H",""
"351",2246.299,2251.156,4.857,"R4","Touching","Distance","Panel I",""
"352",2247.549,2250.298,2.749,"R1","Touching","Distance","Panel I",""
"353",2247.661,2248.161,0.5,"Donor","Touching","Distance","Panel H",""
"354",2248.162,2249.158,0.996,"Donor","Touching","Distance","Panel I,Panel H",""
"355",2249.877,2251.627,1.75,"R3","Touching","Distance","Panel I,Panel H",""
"356",2253.3,2256.796,3.496,"R1","Touching","Distance","Panel I",""
"357",2257.348,2258.101,0.753,"R2","Touching","Distance","Panel H",""
"358",2257.377,2259.63,2.253,"R3","Touching","Distance","Panel I,Panel H",""
"359",2261.3,2262.547,1.247,"R1","Touching","Distance","Panel H",""
"360",2262.375,2269.879,7.504,"R3","Touching","Distance","Panel I,Panel H",""
"361",2264.549,2270.04,5.491,"R1","Touching","Distance","Panel I",""
"362",2269.866,2277.353,7.487,"R2","Touching","Distance","Panel I,Panel H",""
"363",2273.175,2274.692,1.517,"Donor","Touching","Distance","Panel N",""
"364",2279.543,2281.292,1.749,"R1","Touching","Distance","Panel H",""
"365",2283.603,2285.616,2.013,"R2","Touching","Distance","Panel I,Panel H",""
"366",2284.296,2290.042,5.746,"R1","Touching","Distance","Panel H",""
"367",2288.687,2289.182,0.495,"Donor","Touching","Distance","Panel I",""
"368",2290.448,2293.196,2.748,"R2","Touching","Distance","Panel I,Panel H",""
"369",2291.186,2295.453,4.267,"Donor","Touching","Distance","Panel H",""
"370",2292.042,2293.543,1.501,"R1","Touching","Distance","Panel I",""
"371",2295.457,2300.957,5.5,"R4","Touching","Distance","Panel I,Panel H",""
"372",2295.713,2299.709,3.996,"R2","Touching","Distance","Panel I,Panel H",""
"373",2298.709,2302.957,4.248,"Donor","Touching","Distance","Panel H",""
"374",2299.044,2303.788,4.744,"R1","Touching","Distance","Panel I,Panel H",""
"375",2302.452,2304.707,2.255,"R4","Touching","Distance","Panel I,Panel H",""
"376",2302.958,2304.208,1.25,"Donor","Touching","Distance","Panel I",""
"377",2303.721,2311.724,8.003,"R2","Touching","Distance","Panel I,Panel H",""
"378",2304.203,2304.706,0.503,"R4","Touching","Distance","Panel I",""
"379",2304.209,2305.214,1.005,"Donor","Touching","Distance","Panel I,Panel H",""
"380",2305.215,2310.212,4.997,"Donor","Touching","Distance","Panel I",""
"381",2305.705,2311.219,5.514,"R4","Touching","Distance","Panel I,Panel H",""
"382",2306.707,2307.702,0.995,"R4","Touching","Distance","Panel I",""
"383",2308.22,2309.217,0.997,"R1","Touching","Distance","Panel H",""
"384",2309.218,2311.226,2.008,"R1","Touching","Distance","Panel I",""
"385",2309.47,2310.217,0.747,"R4","Touching","Distance","Panel J",""
"386",2311.227,2312.728,1.501,"R1","Touching","Distance","Panel H",""
"387",2312.47,2315.225,2.755,"R2","Touching","Distance","Panel I",""
"388",2312.729,2312.979,0.25,"R1","Touching","Distance","Panel I,Panel H",""
"389",2312.98,2314.727,1.747,"R1","Touching","Distance","Panel H",""
"390",2314.728,2316.976,2.248,"R1","Touching","Distance","Panel I,Panel H",""
"391",2315.721,2317.468,1.747,"R4","Touching","Distance","Panel I,Panel H",""
"392",2315.972,2317.471,1.499,"Donor","Touching","Distance","Panel H",""
"393",2317.231,2317.974,0.743,"R1","Touching","Distance","Panel H",""
"394",2317.472,2320.222,2.75,"Donor","Touching","Distance","Panel I,Panel H",""
"395",2317.975,2318.728,0.753,"R1","Touching","Distance","Panel I,Panel H",""
"396",2318.729,2320.472,1.743,"R1","Touching","Distance","Panel H",""
"397",2320.473,2321.726,1.253,"R1","Touching","Distance","Panel I,Panel H",""
"398",2320.969,2323.47,2.501,"R2","Touching","Distance","Panel I,Panel H",""
"399",2321.219,2322.22,1.001,"R4","Touching","Distance","Panel I,Panel H",""
"400",2321.22,2322.219,0.999,"R4","Touching","Distance","Panel H",""
"401",2323.471,2325.711,2.24,"R2","Touching","Distance","Panel I",""
"402",2323.475,2324.977,1.502,"R1","Touching","Distance","Panel H",""
"403",2325.712,2332.471,6.759,"R2","Touching","Distance","Panel I,Panel H",""
"404",2326.477,2327.731,1.254,"R1","Touching","Distance","Panel I",""
"405",2326.97,2341.75,14.78,"R4","Touching","Distance","Panel I,Panel H",""
"406",2328.974,2329.222,0.248,"R1","Touching","Distance","Panel I,Panel H",""
"407",2329.223,2331.479,2.256,"R1","Touching","Distance","Panel I",""
"408",2341.727,2343.75,2.023,"R1","Touching","Distance","Panel I,Panel H",""
"409",2342.248,2346.504,4.256,"R4","Touching","Distance","Panel I,Panel H",""
"410",2343.751,2344.262,0.511,"R1","Touching","Distance","Panel I",""
"411",2344.263,2345.76,1.497,"R1","Touching","Distance","Panel I,Panel H",""
"412",2346.472,2348.972,2.5,"Donor","Touching","Distance","Panel I",""
"413",2347.753,2352.507,4.754,"R4","Touching","Distance","Panel I,Panel H",""
"414",2349.26,2351.278,2.018,"R1","Touching","Distance","Panel I,Panel H",""
"415",2350.249,2351.754,1.505,"R2","Touching","Distance","Panel I,Panel H",""
"416",2351.279,2353.258,1.979,"R1","Touching","Distance","Panel I",""
"417",2352.756,2354.004,1.248,"R2","Touching","Distance","Panel I,Panel H",""
"418",2353.259,2355.017,1.758,"R1","Touching","Distance","Panel I,Panel H",""
"419",2354.005,2354.991,0.986,"R2","Touching","Distance","Panel H",""
"420",2354.97,2356.222,1.252,"Donor","Touching","Distance","Panel E,Panel D",""
"421",2355.018,2356.261,1.243,"R1","Touching","Distance","Panel H",""
"422",2356.25,2359.007,2.757,"R2","Touching","Distance","Panel I,Panel H",""
"423",2356.26,2360.517,4.257,"R4","Touching","Distance","Panel I,Panel H",""
"424",2356.262,2361.011,4.749,"R1","Touching","Distance","Panel I,Panel H",""
"425",2361.517,2375.018,13.501,"R4","Touching","Distance","Panel I,Panel H",""
"426",2361.518,2363.269,1.751,"R4","Touching","Distance","Panel H",""
"427",2362.753,2363.508,0.755,"R2","Touching","Distance","Panel H",""
"428",2364.767,2367.767,3,"R4","Touching","Distance","Panel I",""
"429",2367.768,2374.015,6.247,"R4","Touching","Distance","Panel J",""
"430",2372.971,2374.472,1.501,"Donor","Touching","Distance","Panel O",""
"431",2373.256,2375.752,2.496,"R2","Touching","Distance","Panel I,Panel H",""
"432",2374.016,2375.017,1.001,"R4","Touching","Distance","Panel I",""
"433",2375.717,2376.719,1.002,"Donor","Touching","Distance","Panel N",""
"434",2376.754,2377.999,1.245,"R2","Touching","Distance","Panel H",""
"435",2378.287,2379.037,0.75,"R2","Touching","Distance","Panel I",""
"436",2379.038,2381.3,2.262,"R2","Touching","Distance","Panel I,Panel H",""
"437",2381.301,2382.801,1.5,"R2","Touching","Distance","Panel I",""
"438",2382.802,2383.802,1,"R2","Touching","Distance","Panel I,Panel H",""
"439",2387.517,2387.518,0.001,"R4","Touching","Distance","Panel I,Panel H",""
"440",2387.764,2390.518,2.754,"R4","Touching","Distance","Panel H",""
"441",2391.268,2396.268,5,"R4","Touching","Distance","Panel I",""
"442",2393.301,2394.805,1.504,"R2","Touching","Distance","Panel I,Panel H",""
"443",2394.806,2398.303,3.497,"R2","Touching","Distance","Panel I",""
"444",2396.768,2398.267,1.499,"R4","Touching","Distance","Panel J",""
"445",2398.304,2399.054,0.75,"R2","Touching","Distance","Panel I,Panel H",""
"446",2398.558,2400.31,1.752,"R4","Touching","Distance","Panel I",""
"447",2399.055,2400.05,0.995,"R2","Touching","Distance","Panel I",""
"448",2400.051,2400.801,0.75,"R2","Touching","Distance","Panel I,Panel H",""
"449",2400.807,2403.813,3.006,"R4","Touching","Distance","Panel I,Panel H",""
"450",2402.054,2404.304,2.25,"R2","Touching","Distance","Panel I",""
"451",2404.062,2406.812,2.75,"R4","Touching","Distance","Panel I",""
"452",2404.302,2405.547,1.245,"R3","Touching","Distance","Panel I,Panel H","placed back in pen at 39:54"
"453",2409.302,2411.55,2.248,"R3","Touching","Distance","Panel I,Panel H",""
"454",2410.315,2411.816,1.501,"R4","Touching","Distance","Panel I",""
"455",2413.551,2415.799,2.248,"R3","Touching","Distance","Panel I,Panel H",""
"456",2414.316,2416.562,2.246,"R4","Touching","Distance","Panel I,Panel H",""
"457",2417.804,2420.804,3,"R2","Touching","Distance","Panel I,Panel H",""
"458",2420.052,2424.297,4.245,"R3","Touching","Distance","Panel I,Panel H",""
"459",2420.805,2422.302,1.497,"R2","Touching","Distance","Panel H",""
"460",2424.298,2425.797,1.499,"R3","Touching","Distance","Panel I",""
"461",2425.798,2429.052,3.254,"R3","Touching","Distance","Panel I,Panel H",""
"462",2430.511,2431.264,0.753,"R1","Touching","Distance","Panel H",""
"463",2432.468,2433.472,1.004,"Donor","Touching","Distance","Panel I,Panel H",""
"464",2434.972,2436.467,1.495,"Donor","Touching","Distance","Panel I,Panel H",""
"465",2438.544,2440.554,2.01,"R2","Touching","Distance","Panel M,Panel L",""
"466",2444.8,2446.802,2.002,"R2","Touching","Distance","Panel I,Panel H",""
"467",2447.093,2447.838,0.745,"R4","Touching","Distance","Panel I",""
"468",2447.839,2448.357,0.518,"R4","Touching","Distance","Panel I,Panel H",""
"469",2448.358,2449.124,0.766,"R4","Touching","Distance","Panel H",""
"470",2450.552,2452.549,1.997,"R3","Touching","Distance","Panel K",""
"471",2453.375,2461.373,7.998,"R4","Touching","Distance","Panel I,Panel H",""
"472",2454.048,2457.552,3.504,"R3","Touching","Distance","Panel M,Panel L",""
"473",2456.805,2457.306,0.501,"R2","Touching","Distance","Panel P,Panel A",""
"474",2458.052,2459.299,1.247,"R3","Touching","Distance","Panel J",""
"475",2459.3,2460.551,1.251,"R3","Touching","Distance","Panel I",""
"476",2460.552,2473.299,12.747,"R3","Touching","Distance","Panel I,Panel H",""
"477",2466.008,2469.512,3.504,"R1","Touching","Distance","Panel J",""
"478",2467.802,2470.304,2.502,"R2","Touching","Distance","Panel E,Panel D",""
"479",2470.981,2471.979,0.998,"Donor","Touching","Distance","Panel E,Panel D",""
"480",2473.008,2474.26,1.252,"R1","Touching","Distance","Panel I,Panel H",""
"481",2474.385,2474.882,0.497,"R3","Touching","Distance","Panel G",""
"482",2476.384,2478.382,1.998,"R3","Touching","Distance","Panel I,Panel H",""
"483",2477.054,2477.554,0.5,"R2","Touching","Distance","Panel I,Panel H",""
"484",2485.765,2487.76,1.995,"R1","Touching","Distance","Panel H",""
"485",2487.23,2490.73,3.5,"Donor","Touching","Distance","Panel E,Panel D",""
"486",2487.386,2489.884,2.498,"R3","Touching","Distance","Panel I,Panel H",""
"487",2489.885,2492.384,2.499,"R3","Touching","Distance","Panel I",""
"488",2492.385,2494.384,1.999,"R3","Touching","Distance","Panel I,Panel H",""
"489",2494.385,2496.634,2.249,"R3","Touching","Distance","Panel I",""
"490",2496.635,2497.879,1.244,"R3","Touching","Distance","Panel I,Panel H",""
"491",2497.88,2500.634,2.754,"R3","Touching","Distance","Panel I",""
"492",2500.635,2507.634,6.999,"R3","Touching","Distance","Panel I,Panel H",""
"493",2509.635,2510.885,1.25,"R3","Touching","Distance","Panel I,Panel H",""
"494",2514.804,2516.303,1.499,"R2","Touching","Distance","Panel I,Panel H",""
"495",2532.871,2533.621,0.75,"R4","Touching","Distance","Panel C",""
"496",2541.873,2543.624,1.751,"R4","Touching","Distance","Panel P,Panel A",""
"497",2542.055,2542.801,0.746,"R2","Touching","Distance","Panel I,Panel H",""
"498",2555.873,2568.867,12.994,"R4","Touching","Distance","Panel I,Panel H",""
"499",2559.633,2560.885,1.252,"R3","Touching","Distance","Panel H",""
"500",2561.883,2562.632,0.749,"R3","Touching","Distance","Panel H",""
"501",2564.635,2566.635,2,"R3","Touching","Distance","Panel H",""
"502",2566.518,2568.014,1.496,"R1","Touching","Distance","Panel P,Panel O",""
"503",2568.868,2572.869,4.001,"R4","Touching","Distance","Panel I",""
"504",2570.135,2575.134,4.999,"R3","Touching","Distance","Panel K",""
"505",2575.135,2576.384,1.249,"R3","Touching","Distance","Panel J",""
"506",2578.381,2584.987,6.606,"R3","Touching","Distance","Panel K",""
"507",2582.371,2583.872,1.501,"R4","Touching","Distance","Panel K",""
"508",2584.988,2591.737,6.749,"R3","Touching","Distance","Panel J",""
"509",2591.738,2592.988,1.25,"R3","Touching","Distance","Panel I",""
"510",2592.989,2597.739,4.75,"R3","Touching","Distance","Panel I,Panel H",""
"511",2597.74,2598.989,1.249,"R3","Touching","Distance","Panel I",""
"512",2598.99,2603.239,4.249,"R3","Touching","Distance","Panel I,Panel H",""
"513",2603.24,2604.739,1.499,"R3","Touching","Distance","Panel H",""
"514",2603.516,2604.519,1.003,"R1","Touching","Distance","Panel I,Panel H",""
"515",2604.74,2606.74,2,"R3","Touching","Distance","Panel I,Panel H",""
"516",2606.741,2608.739,1.998,"R3","Touching","Distance","Panel I",""
"517",2608.74,2611.487,2.747,"R3","Touching","Distance","Panel I,Panel H",""
"518",2609.766,2610.272,0.506,"R1","Touching","Distance","Panel I",""
"519",2611.488,2613.99,2.502,"R3","Touching","Distance","Panel I",""
"520",2613.991,2615.988,1.997,"R3","Touching","Distance","Panel I,Panel H",""
"521",2616.989,2618.987,1.998,"R3","Touching","Distance","Panel G",""
"522",2618.988,2620.49,1.502,"R3","Touching","Distance","Panel H",""
"523",2620.491,2622.986,2.495,"R3","Touching","Distance","Panel I",""
"524",2631.369,2632.119,0.75,"R4","Touching","Distance","Panel I,Panel H",""
"525",2634.121,2634.872,0.751,"R4","Touching","Distance","Panel J",""
"526",2660.796,2661.797,1.001,"R4","Touching","Distance","Panel F",""
"527",2664.293,2667.046,2.753,"R4","Touching","Distance","Panel H",""
"528",2667.047,2668.295,1.248,"R4","Touching","Distance","Panel G",""
"529",2668.296,2671.543,3.247,"R4","Touching","Distance","Panel H,Panel G",""
"530",2672.546,2675.546,3,"R4","Touching","Distance","Panel I",""
"531",2675.547,2686.809,11.262,"R4","Touching","Distance","Panel I,Panel H",""
"532",2686.81,2687.561,0.751,"R4","Touching","Distance","Panel I",""
"533",2687.562,2699.059,11.497,"R4","Touching","Distance","Panel I,Panel H",""
"534",2699.06,2700.81,1.75,"R4","Touching","Distance","Panel H",""
"535",2700.811,2706.559,5.748,"R4","Touching","Distance","Panel I,Panel H",""
"536",2706.56,2709.061,2.501,"R4","Touching","Distance","Panel H",""
"537",2709.062,2711.561,2.499,"R4","Touching","Distance","Panel I",""
"538",2710.612,2720.119,9.507,"R1","Touching","Distance","Panel K",""
"539",2711.562,2712.558,0.996,"R4","Touching","Distance","Panel J",""
"540",2712.559,2715.564,3.005,"R4","Touching","Distance","Panel I",""
"541",2715.565,2717.556,1.991,"R4","Touching","Distance","Panel I,Panel H",""
"542",2717.557,2718.058,0.501,"R4","Touching","Distance","Panel I",""
"543",2718.059,2737.311,19.252,"R4","Touching","Distance","Panel I,Panel H",""
"544",2720.12,2725.369,5.249,"R1","Touching","Distance","Panel J",""
"545",2720.986,2722.491,1.505,"R3","Touching","Distance","Panel K",""
"546",2722.121,2726.131,4.01,"R2","Touching","Distance","Panel D",""
"547",2723.491,2726.736,3.245,"R3","Touching","Distance","Panel J",""
"548",2726.132,2727.124,0.992,"R2","Touching","Distance","Panel E",""
"549",2731.366,2734.862,3.496,"R1","Touching","Distance","Panel I",""
"550",2731.633,2734.632,2.999,"Donor","Touching","Distance","Panel J",""
"551",2734.633,2739.642,5.009,"Donor","Touching","Distance","Panel K",""
"552",2737.312,2743.557,6.245,"R4","Touching","Distance","Panel I",""
"553",2737.612,2738.118,0.506,"R1","Touching","Distance","Panel K,Panel J",""
"554",2738.119,2741.617,3.498,"R1","Touching","Distance","Panel J",""
"555",2739.643,2740.909,1.266,"Donor","Touching","Distance","Panel J",""
"556",2740.91,2742.159,1.249,"Donor","Touching","Distance","Panel K",""
"557",2742.16,2755.41,13.25,"Donor","Touching","Distance","Panel J",""
"558",2743.558,2747.559,4.001,"R4","Touching","Distance","Panel I,Panel H",""
"559",2747.56,2757.056,9.496,"R4","Touching","Distance","Panel I",""
"560",2749.129,2759.627,10.498,"R2","Touching","Distance","Panel J",""
"561",2757.057,2763.309,6.252,"R4","Touching","Distance","Panel I,Panel H",""
"562",2761.129,2762.379,1.25,"R2","Touching","Distance","Panel I,Panel H",""
"563",2761.871,2764.119,2.248,"R1","Touching","Distance","Panel E,Panel D",""
"564",2764.627,2772.132,7.505,"R2","Touching","Distance","Panel K",""
"565",2765.311,2773.059,7.748,"R4","Touching","Distance","Panel H",""
"566",2772.877,2777.874,4.997,"R2","Touching","Distance","Panel J",""
"567",2773.06,2774.057,0.997,"R4","Touching","Distance","Panel H,Panel G",""
"568",2778.127,2781.132,3.005,"R2","Touching","Distance","Panel K",""
"569",2794.63,2797.631,3.001,"R2","Touching","Distance","Panel I,Panel H",""
"570",2796.957,2798.203,1.246,"R4","Touching","Distance","Panel M",""
"571",2798.204,2802.207,4.003,"R4","Touching","Distance","Panel L",""
"572",2799.411,2803.655,4.244,"Donor","Touching","Distance","Panel I,Panel H",""
"573",2804.207,2811.22,7.013,"R4","Touching","Distance","Panel M",""
"574",2822.37,2825.612,3.242,"R1","Touching","Distance","Panel J",""
"575",2822.721,2823.472,0.751,"R4","Touching","Distance","Panel P,Panel A",""
"576",2824.96,2825.968,1.008,"R2","Touching","Distance","Panel I,Panel H",""
"577",2826.959,2827.464,0.505,"R2","Touching","Distance","Panel I,Panel H",""
"578",2827.365,2828.116,0.751,"R1","Touching","Distance","Panel I,Panel H",""
"579",2828.216,2828.968,0.752,"R2","Touching","Distance","Panel I",""
"580",2831.757,2834.008,2.251,"R1","Touching","Distance","Panel H",""
"581",2834.009,2861.506,27.497,"R1","Touching","Distance","Panel I,Panel H",""
"582",2851.257,2854.76,3.503,"R2","Touching","Distance","Panel E,Panel D",""
"583",2856.758,2858.51,1.752,"R3","Touching","Distance","Panel I",""
"584",2861.507,2863.004,1.497,"R1","Touching","Distance","Panel H",""
"585",2863.005,2870.506,7.501,"R1","Touching","Distance","Panel I,Panel H",""
"586",2863.009,2864.505,1.496,"R3","Touching","Distance","Panel I,Panel H",""
"587",2864.506,2867.256,2.75,"R3","Touching","Distance","Panel I",""
"588",2870.507,2872.008,1.501,"R1","Touching","Distance","Panel I",""
"589",2872.009,2884.509,12.5,"R1","Touching","Distance","Panel I,Panel H",""
"590",2872.258,2872.757,0.499,"R4","Touching","Distance","Panel P,Panel A",""
"591",2877.258,2878.261,1.003,"Donor","Touching","Distance","Panel O",""
"592",2877.26,2878.757,1.497,"R4","Touching","Distance","Panel N",""
"593",2878.758,2881.261,2.503,"R4","Touching","Distance","Panel O",""
"594",2882.261,2885.008,2.747,"R4","Touching","Distance","Panel P,Panel O",""
"595",2885.76,2886.255,0.495,"R1","Touching","Distance","Panel H",""
"596",2886.256,2894.509,8.253,"R1","Touching","Distance","Panel I,Panel H",""
"597",2892.01,2898.009,5.999,"R4","Touching","Distance","Panel M,Panel L",""
"598",2894.51,2896.009,1.499,"R1","Touching","Distance","Panel H",""
"599",2896.01,2898.51,2.5,"R1","Touching","Distance","Panel I,Panel H",""
"600",2898.511,2904.259,5.748,"R1","Touching","Distance","Panel I",""
"601",2904.26,2915.76,11.5,"R1","Touching","Distance","Panel I,Panel H",""
"602",2915.761,2916.76,0.999,"R1","Touching","Distance","Panel I",""
"603",2916.761,2923.759,6.998,"R1","Touching","Distance","Panel I,Panel H",""
"604",2918.506,2919.268,0.762,"R4","Touching","Distance","Panel J",""
"605",2919.582,2922.342,2.76,"R4","Touching","Distance","Panel I",""
"606",2922.343,2929.349,7.006,"R4","Touching","Distance","Panel I,Panel H",""
"607",2923.76,2925.01,1.25,"R1","Touching","Distance","Panel H",""
"608",2928.006,2929.009,1.003,"R1","Touching","Distance","Panel H",""
"609",2929.35,2931.341,1.991,"R4","Touching","Distance","Panel I",""
"610",2932.85,2934.348,1.498,"R4","Touching","Distance","Panel H",""
"611",2934.349,2937.099,2.75,"R4","Touching","Distance","Panel G",""
"612",2935.498,2965.509,30.011,"R1","Touching","Distance","Panel I,Panel H",""
"613",2937.345,2939.861,2.516,"R4","Touching","Distance","Panel F",""
"614",2939.28,2941.278,1.998,"R2","Touching","Distance","Panel K",""
"615",2939.862,2941.859,1.997,"R4","Touching","Distance","Panel E",""
"616",2941.86,2949.12,7.26,"R4","Touching","Distance","Panel E,Panel D",""
"617",2942.261,2942.76,0.499,"R3","Touching","Distance","Panel K",""
"618",2946.034,2947.526,1.492,"R2","Touching","Distance","Panel I,Panel H",""
"619",2947.527,2953.03,5.503,"R2","Touching","Distance","Panel I",""
"620",2950.37,2953.62,3.25,"R4","Touching","Distance","Panel B",""
"621",2953.031,2955.032,2.001,"R2","Touching","Distance","Panel J",""
"622",2956.277,2956.78,0.503,"R2","Touching","Distance","Panel J",""
"623",2956.781,2958.526,1.745,"R2","Touching","Distance","Panel K",""
"624",2965.51,2967.255,1.745,"R1","Touching","Distance","Panel H",""
"625",2968.26,2973.756,5.496,"R1","Touching","Distance","Panel H",""
"626",2973.757,2977.26,3.503,"R1","Touching","Distance","Panel I,Panel H",""
"627",2978.758,2982.257,3.499,"R1","Touching","Distance","Panel I",""
"628",2979.613,2981.366,1.753,"R4","Touching","Distance","Panel I,Panel H",""
"629",2980.121,2980.88,0.759,"R2","Touching","Distance","Panel L",""
"630",2981.887,2987.135,5.248,"R2","Touching","Distance","Panel J",""
"631",2982.258,2983.26,1.002,"R1","Touching","Distance","Panel J,Panel I",""
"632",2983.261,2987.009,3.748,"R1","Touching","Distance","Panel I",""
"633",2987.136,2989.135,1.999,"R2","Touching","Distance","Panel I",""
"634",2990.259,2993.51,3.251,"R1","Touching","Distance","Panel I",""
"635",2993.906,2996.658,2.752,"R1","Touching","Distance","Panel J",""
"636",2994.754,2998.007,3.253,"Donor","Touching","Distance","Panel I,Panel H",""
"637",2997.506,3000.507,3.001,"R3","Touching","Distance","Panel E,Panel D",""
"638",2999.422,3022.915,23.493,"R1","Touching","Distance","Panel I,Panel H",""
"639",3020.254,3025.756,5.502,"R3","Touching","Distance","Panel H",""
"640",3022.916,3024.17,1.254,"R1","Touching","Distance","Panel H",""
"641",3025.168,3027.171,2.003,"R1","Touching","Distance","Panel I,Panel H",""
"642",3025.757,3029.008,3.251,"R3","Touching","Distance","Panel I,Panel H",""
"643",3027.172,3027.672,0.5,"R1","Touching","Distance","Panel H",""
"644",3029.009,3030.756,1.747,"R3","Touching","Distance","Panel I",""
"645",3029.671,3031.669,1.998,"R1","Touching","Distance","Panel I,Panel H",""
"646",3031.67,3032.921,1.251,"R1","Touching","Distance","Panel I",""
"647",3034.755,3036.758,2.003,"R3","Touching","Distance","Panel I,Panel H",""
"648",3036.759,3042.008,5.249,"R3","Touching","Distance","Panel H",""
"649",3042.009,3043.26,1.251,"R3","Touching","Distance","Panel I,Panel H",""
"650",3064.258,3066.009,1.751,"Donor","Touching","Distance","Panel H",""
"651",3066.478,3067.229,0.751,"Donor","Touching","Distance","Panel I",""
"652",3067.23,3081.492,14.262,"Donor","Touching","Distance","Panel I,Panel H",""
"653",3081.743,3083.994,2.251,"Donor","Touching","Distance","Panel I",""
"654",3083.995,3087.246,3.251,"Donor","Touching","Distance","Panel I,Panel H",""
"655",3086.369,3093.865,7.496,"R4","Touching","Distance","Panel E,Panel D",""
"656",3088.246,3089.511,1.265,"Donor","Touching","Distance","Panel I",""
"657",3091.507,3095.511,4.004,"Donor","Touching","Distance","Panel I",""
"658",3094.239,3095.738,1.499,"R2","Touching","Distance","Panel O",""
"659",3096.511,3100.011,3.5,"Donor","Touching","Distance","Panel J",""
"660",3097.238,3099.237,1.999,"R2","Touching","Distance","Panel P,Panel A",""
"661",3100.012,3101.013,1.001,"Donor","Touching","Distance","Panel K",""
"662",3106.488,3112.489,6.001,"R2","Touching","Distance","Panel I,Panel H",""
"663",3106.76,3118.507,11.747,"R3","Touching","Distance","Panel E,Panel D",""
"664",3112.49,3115.489,2.999,"R2","Touching","Distance","Panel I",""
"665",3118.508,3124.011,5.503,"R3","Touching","Distance","Panel E",""
"666",3122.033,3123.029,0.996,"R4","Touching","Distance","Panel L",""
"667",3123.03,3124.281,1.251,"R4","Touching","Distance","Panel K",""
"668",3125.028,3127.782,2.754,"R4","Touching","Distance","Panel K",""
"669",3127.525,3128.278,0.753,"Donor","Touching","Distance","Panel I,Panel H",""
"670",3141.528,3141.775,0.247,"Donor","Touching","Distance","Panel I,Panel H",""
"671",3141.776,3142.306,0.53,"Donor","Touching","Distance","Panel I",""
"672",3142.259,3143.259,1,"R3","Touching","Distance","Panel O",""
"673",3143.26,3145.76,2.5,"R3","Touching","Distance","Panel N",""
"674",3153.168,3154.667,1.499,"R1","Touching","Distance","Panel C",""
"675",3154.668,3157.92,3.252,"R1","Touching","Distance","Panel B",""
"676",3157.921,3194.919,36.998,"R1","Touching","Distance","Panel B",""
"677",3158.735,3159.984,1.249,"R2","Touching","Distance","Panel I,Panel H",""
"678",3172.008,3172.759,0.751,"R3","Touching","Distance","Panel K",""
"679",3172.76,3175.256,2.496,"R3","Touching","Distance","Panel J",""
"680",3181.843,3182.601,0.758,"R2","Touching","Distance","Panel N",""
"681",3182.068,3183.569,1.501,"Donor","Touching","Distance","Panel P,Panel A",""
"682",3188.008,3190.003,1.995,"R3","Touching","Distance","Panel I,Panel H",""
"683",3188.069,3189.566,1.497,"Donor","Touching","Distance","Panel A",""
"684",3189.567,3191.815,2.248,"Donor","Touching","Distance","Panel P,Panel A",""
"685",3190.609,3192.106,1.497,"R2","Touching","Distance","Panel P,Panel A",""
"686",3192.103,3193.362,1.259,"Donor","Touching","Distance","Panel A",""
"687",3194.92,3196.169,1.249,"R1","Touching","Distance","Panel I,Panel H",""
"688",3196.17,3197.921,1.751,"R1","Touching","Distance","Panel I",""
"689",3226.101,3229.352,3.251,"R2","Touching","Distance","Panel E,Panel D",""
"690",3244.853,3245.6,0.747,"R2","Touching","Distance","Panel I,Panel H",""
"691",3275.634,3275.884,0.25,"Donor","Touching","Distance","Panel H",""
"692",3279.603,3282.605,3.002,"R2","Touching","Distance","Panel E,Panel D",""
"693",3294.008,3295.254,1.246,"R3","Touching","Distance","Panel I,Panel H",""
"694",3294.396,3295.897,1.501,"Donor","Touching","Distance","Panel E,Panel D",""
"695",3307.135,3311.14,4.005,"Donor","Touching","Distance","Panel E,Panel D",""
"696",3322.634,3324.136,1.502,"Donor","Touching","Distance","Panel I,Panel H",""
"697",3349.251,3351.757,2.506,"R3","Touching","Distance","Panel P,Panel A",""
"698",3351.758,3353.753,1.995,"R3","Touching","Distance","Panel A",""
"699",3359.269,3360.018,0.749,"R3","Touching","Distance","Panel N",""
"700",3363.777,3364.276,0.499,"R3","Touching","Distance","Panel M",""
"701",3375.013,3377.761,2.748,"R4","Touching","Distance","Panel D",""
"702",3381.416,3384.914,3.498,"R1","Touching","Distance","Panel O",""
"703",3384.915,3386.171,1.256,"R1","Touching","Distance","Panel N",""
"704",3387.532,3389.528,1.996,"R3","Touching","Distance","Panel K",""
"705",3394.298,3395.061,0.763,"Donor","Touching","Distance","Panel G",""
"706",3407.421,3408.572,1.151,"R1","Touching","Distance","Panel I,Panel H",""
"707",3408.819,3409.32,0.501,"R1","Touching","Distance","Panel I,Panel H",""
"708",3432.777,3434.276,1.499,"R3","Touching","Distance","Panel K",""
"709",3437.78,3439.279,1.499,"R3","Touching","Distance","Panel K",""
"710",3439.082,3440.084,1.002,"R1","Touching","Distance","Panel C",""
"711",3440.085,3442.584,2.499,"R1","Touching","Distance","Panel B",""
"712",3482.366,3483.365,0.999,"R3","Touching","Distance","Panel J",""
"713",3485.335,3486.832,1.497,"R1","Touching","Distance","Panel I",""
"714",3488.562,3490.557,1.995,"Donor","Touching","Distance","Panel E,Panel D",""
"715",3489.863,3492.365,2.502,"R3","Touching","Distance","Panel J",""
"716",3492.812,3495.81,2.998,"Donor","Touching","Distance","Panel E,Panel D",""
"717",3494.362,3500.365,6.003,"R3","Touching","Distance","Panel I,Panel H",""
"718",3500.366,3502.917,2.551,"R3","Touching","Distance","Panel H",""
"719",3502.918,3505.924,3.006,"R3","Touching","Distance","Panel G",""
"720",3505.925,3507.926,2.001,"R3","Touching","Distance","Panel F",""
"721",3514.837,3515.835,0.998,"R1","Touching","Distance","Panel J",""
"722",3515.415,3517.915,2.5,"R4","Touching","Distance","Panel C",""
"723",3515.963,3516.717,0.754,"R2","Touching","Distance","Panel I,Panel H",""
"724",3537.175,3539.713,2.538,"R3","Touching","Distance","Panel F",""
"725",3539.714,3539.97,0.256,"R3","Touching","Distance","Panel E",""
"726",3541.969,3543.466,1.497,"R3","Touching","Distance","Panel G",""
"727",3544.718,3546.22,1.502,"R3","Touching","Distance","Panel G",""
"728",3548.469,3549.718,1.249,"R3","Touching","Distance","Panel I,Panel H",""
"729",3549.719,3550.468,0.749,"R3","Touching","Distance","Panel I",""
"730",3559.966,3561.219,1.253,"R3","Touching","Distance","Panel L",""
"731",3561.22,3570.977,9.757,"R3","Touching","Distance","Panel M,Panel L",""
"732",3570.978,3572.238,1.26,"R3","Touching","Distance","Panel K",""
"733",3573.247,3577.501,4.254,"R3","Touching","Distance","Panel J",""
"734",3579.002,3580.5,1.498,"R3","Touching","Distance","Panel I,Panel H",""
"735",3580.501,3582.496,1.995,"R3","Touching","Distance","Panel H",""
"736",3585.745,3590.5,4.755,"R3","Touching","Distance","Panel H",""
"737",3587.466,3587.971,0.505,"Donor","Touching","Distance","Panel E,Panel D",""
"738",3588.971,3591.465,2.494,"Donor","Touching","Distance","Panel E,Panel D",""
"739",3624.971,3626.466,1.495,"Donor","Touching","Distance","Panel I,Panel H",""
"740",3648.309,3649.059,0.75,"R2","Touching","Distance","Panel M,Panel L",""
"741",3658.557,3659.306,0.749,"R2","Touching","Distance","Panel M,Panel L",""
"742",3659.307,3660.075,0.768,"R2","Touching","Distance","Panel L",""
"743",3662.469,3664.719,2.25,"Donor","Touching","Distance","Panel O",""
"744",3663.059,3665.308,2.249,"R2","Touching","Distance","Panel I,Panel H",""
"745",3666.81,3669.309,2.499,"R2","Touching","Distance","Panel H",""
"746",3670.058,3672.309,2.251,"R2","Touching","Distance","Panel I,Panel H",""
"747",3670.719,3672.217,1.498,"Donor","Touching","Distance","Panel P,Panel A",""
"748",3685.244,3687.5,2.256,"R3","Touching","Distance","Panel E,Panel D",""
"749",3687.214,3688.47,1.256,"R1","Touching","Distance","Panel N",""
"750",3714.47,3716.966,2.496,"Donor","Touching","Distance","Panel E,Panel D",""
"751",3723.635,3727.143,3.508,"Donor","Touching","Distance","Panel F",""
"752",3726.964,3731.216,4.252,"R1","Touching","Distance","Panel N",""
"753",3728.394,3732.157,3.763,"Donor","Touching","Distance","Panel G",""
"754",3731.217,3734.72,3.503,"R1","Touching","Distance","Panel O",""
"755",3732.158,3737.155,4.997,"Donor","Touching","Distance","Panel H",""
"756",3736.715,3737.966,1.251,"R1","Touching","Distance","Panel P,Panel A",""
"757",3737.156,3738.153,0.997,"Donor","Touching","Distance","Panel I,Panel H",""
"758",3738.154,3743.158,5.004,"Donor","Touching","Distance","Panel I",""
"759",3743.159,3744.654,1.495,"Donor","Touching","Distance","Panel J",""
"760",3745.543,3751.545,6.002,"R4","Touching","Distance","Panel E,Panel D",""
"761",3760.423,3761.669,1.246,"Donor","Touching","Distance","Panel J",""
"762",3761.67,3764.674,3.004,"Donor","Touching","Distance","Panel I",""
"763",3764.675,3765.92,1.245,"Donor","Touching","Distance","Panel H",""
"764",3766.675,3768.675,2,"Donor","Touching","Distance","Panel G",""
"765",3771.172,3771.675,0.503,"Donor","Touching","Distance","Panel F",""
"766",3773.186,3775.924,2.738,"Donor","Touching","Distance","Panel E",""
"767",3781.195,3781.691,0.496,"R2","Touching","Distance","Panel B",""
"768",3781.692,3781.945,0.253,"R2","Touching","Distance","Panel C",""
"769",3784.938,3785.939,1.001,"Donor","Touching","Distance","Panel H",""
"770",3785.199,3785.7,0.501,"R4","Touching","Distance","Panel I,Panel H",""
"771",3785.94,3786.689,0.749,"Donor","Touching","Distance","Panel I",""
"772",3786.69,3787.94,1.25,"Donor","Touching","Distance","Panel J,Panel I",""
"773",3787.941,3789.44,1.499,"Donor","Touching","Distance","Panel H",""
"774",3791.949,3793.207,1.258,"R4","Touching","Distance","Panel I,Panel H",""
"775",3816.687,3817.44,0.753,"Donor","Touching","Distance","Panel H",""
"776",3817.441,3818.44,0.999,"Donor","Touching","Distance","Panel I",""
"777",3818.441,3819.937,1.496,"Donor","Touching","Distance","Panel I,Panel H",""
"778",3819.209,3822.711,3.502,"R2","Touching","Distance","Panel E,Panel D",""
"779",3819.938,3821.938,2,"Donor","Touching","Distance","Panel H",""
"780",3824.718,3832.22,7.502,"R1","Touching","Distance","Panel E,Panel D",""
"781",3843.116,3844.613,1.497,"R3","Touching","Distance","Panel K",""
"782",3844.614,3845.861,1.247,"R3","Touching","Distance","Panel J",""
"783",3845.862,3849.117,3.255,"R3","Touching","Distance","Panel K",""
"784",3875.707,3877.706,1.999,"R2","Touching","Distance","Panel K",""
"785",3887.47,3890.47,3,"R1","Touching","Distance","Panel N",""
"786",3892.22,3893.969,1.749,"R1","Touching","Distance","Panel O",""
"787",3899.211,3901.211,2,"R2","Touching","Distance","Panel K",""
"788",3904.958,3906.941,1.983,"R2","Touching","Distance","Panel I,Panel H",""
"789",3906.942,3907.958,1.016,"R2","Touching","Distance","Panel H",""
"790",3907.959,3914.71,6.751,"R2","Touching","Distance","Panel I,Panel H",""
"791",3910.192,3911.189,0.997,"Donor","Touching","Distance","Panel E",""
"792",3911.19,3912.938,1.748,"Donor","Touching","Distance","Panel E,Panel D",""
"793",3915.955,3917.209,1.254,"R2","Touching","Distance","Panel I",""
"794",3917.21,3918.709,1.499,"R2","Touching","Distance","Panel J",""
"795",3918.71,3922.708,3.998,"R2","Touching","Distance","Panel J,Panel I",""
"796",3921.467,3922.471,1.004,"R1","Touching","Distance","Panel E,Panel D",""
"797",3922.709,3929.207,6.498,"R2","Touching","Distance","Panel J",""
"798",3935.72,3940.219,4.499,"R1","Touching","Distance","Panel I",""
"799",3940.22,3945.718,5.498,"R1","Touching","Distance","Panel I,Panel H",""
"800",3945.719,3954.714,8.995,"R1","Touching","Distance","Panel I",""
"801",3954.715,3955.969,1.254,"R1","Touching","Distance","Panel H",""
"802",3955.455,3955.955,0.5,"R4","Touching","Distance","Panel G,Panel F",""
"803",3955.956,3958.705,2.749,"R4","Touching","Distance","Panel F",""
"804",3955.97,3958.969,2.999,"R1","Touching","Distance","Panel I,Panel H",""
"805",3957.708,3958.454,0.746,"R2","Touching","Distance","Panel F",""
"806",3958.706,3961.206,2.5,"R4","Touching","Distance","Panel E",""
"807",3958.97,3962.214,3.244,"R1","Touching","Distance","Panel I",""
"808",3962.215,3984.467,22.252,"R1","Touching","Distance","Panel I,Panel H",""
"809",3965.958,3970.71,4.752,"R2","Touching","Distance","Panel G",""
"810",3970.613,3973.866,3.253,"R3","Touching","Distance","Panel K",""
"811",3984.468,3985.968,1.5,"R1","Touching","Distance","Panel I",""
"812",3985.969,3991.719,5.75,"R1","Touching","Distance","Panel I,Panel H",""
"813",3991.72,3993.722,2.002,"R1","Touching","Distance","Panel H",""
"814",3994.719,3995.967,1.248,"R1","Touching","Distance","Panel H",""
"815",3995.968,3996.72,0.752,"R1","Touching","Distance","Panel G",""
"816",3999.662,4000.161,0.499,"R2","Touching","Distance","Panel K",""
"817",4000.162,4001.409,1.247,"R2","Touching","Distance","Panel L,Panel K",""
"818",4043.957,4044.957,1,"R4","Touching","Distance","Panel A",""
"819",4049.469,4050.468,0.999,"R1","Touching","Distance","Panel K,Panel J",""
"820",4090.362,4091.862,1.5,"R3","Touching","Distance","Panel H",""
"821",4119.441,4120.443,1.002,"Donor","Touching","Distance","Panel K",""
"822",4134.952,4135.955,1.003,"R4","Touching","Distance","Panel F",""
"823",4135.615,4137.115,1.5,"R3","Touching","Distance","Panel K",""
"824",4135.956,4137.954,1.998,"R4","Touching","Distance","Panel E",""
"825",4139.957,4141.454,1.497,"R4","Touching","Distance","Panel F",""
"826",4141.455,4144.955,3.5,"R4","Touching","Distance","Panel E",""
"827",4144.956,4145.7,0.744,"R4","Touching","Distance","Panel F",""
"828",4145.701,4148.701,3,"R4","Touching","Distance","Panel E",""
"829",4150.952,4152.452,1.5,"R4","Touching","Distance","Panel C",""
